{
  "_fv": 24,
  "_type": "gui",
  "definition": {
    "type": 0,
    "width": 0,
    "height": 0,
    "inventoryOffsetX": 0,
    "inventoryOffsetY": 0,
    "renderBgLayer": true,
    "doesPauseGame": false,
    "components": [
      {
        "type": "label",
        "data": {
          "text": "Magic Usage Affinity",
          "color": {
            "value": -16711783,
            "falpha": 0.0
          },
          "name": "Magic Usage Affinity",
          "x": 271,
          "y": 20
        }
      },
      {
        "type": "label",
        "data": {
          "text": "Magic Type",
          "color": {
            "value": -13369447,
            "falpha": 0.0
          },
          "name": "Magic Type",
          "x": 79,
          "y": 20
        }
      },
      {
        "type": "button",
        "data": {
          "text": ">",
          "onClick": {
            "name": "MagicTypeUp"
          },
          "width": 30,
          "height": 20,
          "name": ">",
          "x": 157,
          "y": 36
        }
      },
      {
        "type": "button",
        "data": {
          "text": "<",
          "onClick": {
            "name": "MagicTypeDown"
          },
          "width": 30,
          "height": 20,
          "name": "<",
          "x": 29,
          "y": 36
        }
      },
      {
        "type": "button",
        "data": {
          "text": "<",
          "onClick": {
            "name": "MagicAffinityDown"
          },
          "width": 30,
          "height": 20,
          "name": "<",
          "x": 236,
          "y": 36
        }
      },
      {
        "type": "button",
        "data": {
          "text": ">",
          "onClick": {
            "name": "MagicAffinityUp"
          },
          "width": 30,
          "height": 20,
          "name": ">",
          "x": 377,
          "y": 36
        }
      },
      {
        "type": "label",
        "data": {
          "text": "Magic Power",
          "color": {
            "value": -13369447,
            "falpha": 0.0
          },
          "name": "Magic Power",
          "x": 72,
          "y": 94
        }
      },
      {
        "type": "label",
        "data": {
          "text": "Magic Speed",
          "color": {
            "value": -16711783,
            "falpha": 0.0
          },
          "name": "Magic Speed",
          "x": 296,
          "y": 94
        }
      },
      {
        "type": "button",
        "data": {
          "text": ">",
          "onClick": {
            "name": "MagicSpeedUpForRealThisTime"
          },
          "width": 30,
          "height": 20,
          "name": ">",
          "x": 377,
          "y": 111
        }
      },
      {
        "type": "button",
        "data": {
          "text": "<",
          "onClick": {
            "name": "MagicSpeedDown"
          },
          "width": 30,
          "height": 20,
          "name": "<",
          "x": 236,
          "y": 111
        }
      },
      {
        "type": "button",
        "data": {
          "text": ">",
          "onClick": {
            "name": "MagicDamageUp"
          },
          "width": 30,
          "height": 20,
          "name": ">",
          "x": 157,
          "y": 111
        }
      },
      {
        "type": "button",
        "data": {
          "text": "<",
          "onClick": {
            "name": "MagicDamageDown"
          },
          "width": 30,
          "height": 20,
          "name": "<",
          "x": 29,
          "y": 111
        }
      },
      {
        "type": "label",
        "data": {
          "text": "fire",
          "color": {
            "value": -65536,
            "falpha": 0.0
          },
          "displayCondition": {
            "name": "M1"
          },
          "name": "fire",
          "x": 95,
          "y": 41
        }
      },
      {
        "type": "label",
        "data": {
          "text": "water",
          "color": {
            "value": -16777012,
            "falpha": 0.0
          },
          "displayCondition": {
            "name": "M2"
          },
          "name": "water",
          "x": 92,
          "y": 40
        }
      },
      {
        "type": "label",
        "data": {
          "text": "earth",
          "color": {
            "value": -10079488,
            "falpha": 0.0
          },
          "displayCondition": {
            "name": "M3"
          },
          "name": "earth",
          "x": 92,
          "y": 41
        }
      },
      {
        "type": "label",
        "data": {
          "text": "wind",
          "color": {
            "value": -1,
            "falpha": 0.0
          },
          "displayCondition": {
            "name": "M4"
          },
          "name": "wind",
          "x": 95,
          "y": 41
        }
      },
      {
        "type": "label",
        "data": {
          "text": "lightning",
          "color": {
            "value": -256,
            "falpha": 0.0
          },
          "displayCondition": {
            "name": "M5"
          },
          "name": "lightning",
          "x": 81,
          "y": 41
        }
      },
      {
        "type": "label",
        "data": {
          "text": "light",
          "color": {
            "value": -154,
            "falpha": 0.0
          },
          "displayCondition": {
            "name": "M6"
          },
          "name": "light",
          "x": 92,
          "y": 41
        }
      },
      {
        "type": "label",
        "data": {
          "text": "dark",
          "color": {
            "value": -6750055,
            "falpha": 0.0
          },
          "displayCondition": {
            "name": "M7"
          },
          "name": "dark",
          "x": 95,
          "y": 41
        }
      },
      {
        "type": "label",
        "data": {
          "text": "spirit",
          "color": {
            "value": -13369498,
            "falpha": 0.0
          },
          "displayCondition": {
            "name": "M8"
          },
          "name": "spirit",
          "x": 89,
          "y": 41
        }
      },
      {
        "type": "label",
        "data": {
          "text": "blood",
          "color": {
            "value": -3407872,
            "falpha": 0.0
          },
          "displayCondition": {
            "name": "M9"
          },
          "name": "blood",
          "x": 92,
          "y": 41
        }
      },
      {
        "type": "label",
        "data": {
          "text": "spatial",
          "color": {
            "value": -13434727,
            "falpha": 0.0
          },
          "displayCondition": {
            "name": "M10"
          },
          "name": "spatial",
          "x": 86,
          "y": 41
        }
      },
      {
        "type": "label",
        "data": {
          "text": "elemental",
          "color": {
            "value": -16711936,
            "falpha": 0.0
          },
          "displayCondition": {
            "name": "M11"
          },
          "name": "elemental",
          "x": 81,
          "y": 41
        }
      },
      {
        "type": "label",
        "data": {
          "text": "beast",
          "color": {
            "value": -39424,
            "falpha": 0.0
          },
          "displayCondition": {
            "name": "M12"
          },
          "name": "beast",
          "x": 92,
          "y": 41
        }
      },
      {
        "type": "label",
        "data": {
          "text": "projectile",
          "color": {
            "value": -16711834,
            "falpha": 0.0
          },
          "displayCondition": {
            "name": "A1"
          },
          "name": "projectile",
          "x": 296,
          "y": 41
        }
      },
      {
        "type": "label",
        "data": {
          "text": "armor enhancement",
          "color": {
            "value": -13369498,
            "falpha": 0.0
          },
          "displayCondition": {
            "name": "A2"
          },
          "name": "armor enhancement",
          "x": 278,
          "y": 41
        }
      },
      {
        "type": "label",
        "data": {
          "text": "sword enhancement",
          "color": {
            "value": -16711834,
            "falpha": 0.0
          },
          "displayCondition": {
            "name": "A3"
          },
          "name": "sword enhancement",
          "x": 278,
          "y": 41
        }
      },
      {
        "type": "label",
        "data": {
          "text": "magic sword",
          "color": {
            "value": -16711834,
            "falpha": 0.0
          },
          "displayCondition": {
            "name": "A4"
          },
          "name": "magic sword",
          "x": 293,
          "y": 41
        }
      },
      {
        "type": "label",
        "data": {
          "text": "summon",
          "color": {
            "value": -16711834,
            "falpha": 0.0
          },
          "displayCondition": {
            "name": "A5"
          },
          "name": "summon",
          "x": 308,
          "y": 41
        }
      },
      {
        "type": "label",
        "data": {
          "text": "Summon Type",
          "color": {
            "value": -16711834,
            "falpha": 0.0
          },
          "name": "Summon Type",
          "x": 75,
          "y": 151
        }
      },
      {
        "type": "button",
        "data": {
          "text": ">",
          "width": 30,
          "height": 20,
          "name": ">",
          "x": 157,
          "y": 171
        }
      },
      {
        "type": "button",
        "data": {
          "text": "<",
          "width": 30,
          "height": 20,
          "name": "<",
          "x": 29,
          "y": 170
        }
      },
      {
        "type": "label",
        "data": {
          "text": "Magic Technique",
          "color": {
            "value": -16711834,
            "falpha": 0.0
          },
          "name": "Magic Technique",
          "x": 285,
          "y": 150
        }
      },
      {
        "type": "button",
        "data": {
          "text": ">",
          "onClick": {
            "name": "MagicTechniqueUp"
          },
          "width": 30,
          "height": 20,
          "name": ">",
          "x": 376,
          "y": 171
        }
      },
      {
        "type": "button",
        "data": {
          "text": "<",
          "onClick": {
            "name": "MagicTechniqueDown"
          },
          "width": 30,
          "height": 20,
          "name": "<",
          "x": 236,
          "y": 171
        }
      },
      {
        "type": "label",
        "data": {
          "text": "Magic XZ Effect Area",
          "color": {
            "value": -16711834,
            "falpha": 0.0
          },
          "name": "Magic XZ Effect Area",
          "x": 50,
          "y": 197
        }
      },
      {
        "type": "label",
        "data": {
          "text": "Magic Y Effect Area",
          "color": {
            "value": -16711834,
            "falpha": 0.0
          },
          "name": "Magic Y Effect Area",
          "x": 274,
          "y": 197
        }
      },
      {
        "type": "button",
        "data": {
          "text": "<",
          "onClick": {
            "name": "MagicXZDown"
          },
          "width": 30,
          "height": 20,
          "name": "<",
          "x": 29,
          "y": 215
        }
      },
      {
        "type": "button",
        "data": {
          "text": ">",
          "onClick": {
            "name": "MagicXZUp"
          },
          "width": 30,
          "height": 20,
          "name": ">",
          "x": 156,
          "y": 215
        }
      },
      {
        "type": "button",
        "data": {
          "text": "<",
          "onClick": {
            "name": "MagicYDown"
          },
          "width": 30,
          "height": 20,
          "name": "<",
          "x": 237,
          "y": 214
        }
      },
      {
        "type": "button",
        "data": {
          "text": ">",
          "onClick": {
            "name": "MagicYUp"
          },
          "width": 30,
          "height": 20,
          "name": ">",
          "x": 376,
          "y": 215
        }
      },
      {
        "type": "button",
        "data": {
          "text": "Back",
          "onClick": {
            "name": "OpenMagicGUI"
          },
          "width": 46,
          "height": 20,
          "name": "Back",
          "x": 6,
          "y": 3
        }
      },
      {
        "type": "label",
        "data": {
          "text": "<VAR:integer:Damage>",
          "color": {
            "value": -16711885,
            "falpha": 0.0
          },
          "name": "<VAR:integer:Damage>",
          "x": 94,
          "y": 116
        }
      },
      {
        "type": "label",
        "data": {
          "text": "<VAR:integer:Speed>",
          "color": {
            "value": -16711885,
            "falpha": 0.0
          },
          "name": "<VAR:integer:Speed>",
          "x": 314,
          "y": 116
        }
      },
      {
        "type": "label",
        "data": {
          "text": "Particles",
          "color": {
            "value": -16711885,
            "falpha": 0.0
          },
          "displayCondition": {
            "name": "T1"
          },
          "name": "Particles",
          "x": 301,
          "y": 176
        }
      },
      {
        "type": "label",
        "data": {
          "text": "Beam",
          "color": {
            "value": -16711885,
            "falpha": 0.0
          },
          "displayCondition": {
            "name": "T2"
          },
          "name": "Beam",
          "x": 313,
          "y": 176
        }
      },
      {
        "type": "label",
        "data": {
          "text": "Bomb",
          "color": {
            "value": -16711885,
            "falpha": 0.0
          },
          "displayCondition": {
            "name": "T3"
          },
          "name": "Bomb",
          "x": 313,
          "y": 176
        }
      },
      {
        "type": "label",
        "data": {
          "text": "shockwave",
          "color": {
            "value": -16711885,
            "falpha": 0.0
          },
          "displayCondition": {
            "name": "T4"
          },
          "name": "shockwave",
          "x": 301,
          "y": 176
        }
      },
      {
        "type": "label",
        "data": {
          "text": "skybeam",
          "color": {
            "value": -16711885,
            "falpha": 0.0
          },
          "displayCondition": {
            "name": "T5"
          },
          "name": "skybeam",
          "x": 306,
          "y": 176
        }
      },
      {
        "type": "label",
        "data": {
          "text": "laser",
          "color": {
            "value": -16711885,
            "falpha": 0.0
          },
          "displayCondition": {
            "name": "T6"
          },
          "name": "laser",
          "x": 311,
          "y": 176
        }
      },
      {
        "type": "label",
        "data": {
          "text": "wall",
          "color": {
            "value": -16711885,
            "falpha": 0.0
          },
          "displayCondition": {
            "name": "T7"
          },
          "name": "wall",
          "x": 313,
          "y": 176
        }
      },
      {
        "type": "label",
        "data": {
          "text": "Rush",
          "color": {
            "value": -16711885,
            "falpha": 0.0
          },
          "displayCondition": {
            "name": "T8"
          },
          "name": "Rush",
          "x": 314,
          "y": 176
        }
      },
      {
        "type": "label",
        "data": {
          "text": "gatling",
          "color": {
            "value": -16711885,
            "falpha": 0.0
          },
          "displayCondition": {
            "name": "T9"
          },
          "name": "gatling",
          "x": 307,
          "y": 176
        }
      },
      {
        "type": "label",
        "data": {
          "text": "flight",
          "color": {
            "value": -16711885,
            "falpha": 0.0
          },
          "displayCondition": {
            "name": "T10"
          },
          "name": "flight",
          "x": 307,
          "y": 176
        }
      },
      {
        "type": "label",
        "data": {
          "text": "Gateway",
          "color": {
            "value": -16776961,
            "falpha": 0.0
          },
          "displayCondition": {
            "name": "T11"
          },
          "name": "Gateway",
          "x": 305,
          "y": 177
        }
      },
      {
        "type": "label",
        "data": {
          "text": "teleport",
          "color": {
            "value": -12829636,
            "falpha": 0.0
          },
          "displayCondition": {
            "name": "T12"
          },
          "name": "teleport",
          "x": 302,
          "y": 177
        }
      },
      {
        "type": "label",
        "data": {
          "text": "barrier dome",
          "color": {
            "value": -16711732,
            "falpha": 0.0
          },
          "displayCondition": {
            "name": "T13"
          },
          "name": "barrier dome",
          "x": 292,
          "y": 176
        }
      },
      {
        "type": "label",
        "data": {
          "text": "<VAR:integer:Y>",
          "color": {
            "value": -16724941,
            "falpha": 0.0
          },
          "name": "<VAR:integer:Y>",
          "x": 318,
          "y": 221
        }
      },
      {
        "type": "label",
        "data": {
          "text": "<VAR:integer:XZ>",
          "color": {
            "value": -16724941,
            "falpha": 0.0
          },
          "name": "<VAR:integer:XZ>",
          "x": 102,
          "y": 221
        }
      },
      {
        "type": "button",
        "data": {
          "text": ">",
          "onClick": {
            "name": "MagicSizeUp"
          },
          "width": 30,
          "height": 20,
          "name": ">",
          "x": 237,
          "y": 192
        }
      },
      {
        "type": "button",
        "data": {
          "text": "<",
          "onClick": {
            "name": "MagicSizeDown"
          },
          "width": 30,
          "height": 20,
          "name": "<",
          "x": 157,
          "y": 192
        }
      },
      {
        "type": "label",
        "data": {
          "text": "Size",
          "color": {
            "value": -16711834,
            "falpha": 0.0
          },
          "name": "Size",
          "x": 201,
          "y": 179
        }
      },
      {
        "type": "label",
        "data": {
          "text": "<VAR:integer:Size>",
          "color": {
            "value": -16711834,
            "falpha": 0.0
          },
          "name": "<VAR:integer:Size>",
          "x": 210,
          "y": 195
        }
      }
    ],
    "gridSettings": {
      "sx": 18,
      "sy": 18,
      "ox": 11,
      "oy": 15,
      "snapOnGrid": false
    }
  }
}